{"cameraMode":{"drawMode":0,"name":"Shaded","section":"Shading Mode"},"sceneLighting":false,"audioPlay":false,"sceneViewState":{"showFog":true,"showMaterialUpdate":false,"showSkybox":false,"showFlares":true,"showImageEffects":true,"showParticleSystems":true},"in2DMode":false,"pivot":{"x":6.312346458435059,"y":1.0139999389648438,"z":2.9028172492980959},"rotation":{"x":0.7049486637115479,"y":-0.06377158313989639,"z":0.06346012651920319,"w":0.7036271691322327},"size":3.405893087387085,"orthographic":true}