{"cameraMode":{"drawMode":0,"name":"Shaded","section":"Shading Mode"},"sceneLighting":false,"audioPlay":false,"sceneViewState":{"showFog":true,"showMaterialUpdate":false,"showSkybox":false,"showFlares":true,"showImageEffects":true,"showParticleSystems":true},"in2DMode":false,"pivot":{"x":58.40191650390625,"y":2.4341583251953127,"z":50.28548812866211},"rotation":{"x":-0.18483604490756989,"y":-0.03153267130255699,"z":0.0059334030374884609,"w":-0.9822560548782349},"size":6.897974491119385,"orthographic":true}