{"cameraMode":{"drawMode":0,"name":"Shaded","section":"Shading Mode"},"sceneLighting":true,"audioPlay":false,"sceneViewState":{"showFog":true,"showMaterialUpdate":false,"showSkybox":true,"showFlares":true,"showImageEffects":true,"showParticleSystems":true},"in2DMode":false,"pivot":{"x":637.627197265625,"y":642.561767578125,"z":0.0},"rotation":{"x":-0.2333459109067917,"y":0.007671680301427841,"z":-0.001761850668117404,"w":-0.9724705815315247},"size":1018.4038696289063,"orthographic":true}