{"cameraMode":{"drawMode":0,"name":"Shaded","section":"Shading Mode"},"sceneLighting":false,"audioPlay":false,"sceneViewState":{"showFog":true,"showMaterialUpdate":false,"showSkybox":false,"showFlares":true,"showImageEffects":true,"showParticleSystems":true},"in2DMode":false,"pivot":{"x":8.016921997070313,"y":38.31275939941406,"z":-38.269744873046878},"rotation":{"x":-0.09763172268867493,"y":0.8983548879623413,"z":-0.2547715902328491,"w":-0.34459051489830019},"size":400.42535400390627,"orthographic":true}