{"cameraMode":{"drawMode":0,"name":"Shaded","section":"Shading Mode"},"sceneLighting":false,"audioPlay":false,"sceneViewState":{"showFog":true,"showMaterialUpdate":false,"showSkybox":false,"showFlares":true,"showImageEffects":true,"showParticleSystems":true},"in2DMode":false,"pivot":{"x":5.321981430053711,"y":-0.8462448120117188,"z":0.638089656829834},"rotation":{"x":0.1876915991306305,"y":0.0456077940762043,"z":-0.008727445267140866,"w":0.9812363386154175},"size":10.441864967346192,"orthographic":true}