{"cameraMode":{"drawMode":0,"name":"Shaded","section":"Shading Mode"},"sceneLighting":false,"audioPlay":false,"sceneViewState":{"showFog":true,"showMaterialUpdate":false,"showSkybox":false,"showFlares":true,"showImageEffects":true,"showParticleSystems":true},"in2DMode":false,"pivot":{"x":48.952178955078128,"y":4.355759143829346,"z":-63.45347595214844},"rotation":{"x":-0.024578046053647996,"y":-0.9278976917266846,"z":0.3668528199195862,"w":-0.0621575266122818},"size":170.2437744140625,"orthographic":true}