{"cameraMode":{"drawMode":0,"name":"Shaded","section":"Shading Mode"},"sceneLighting":false,"audioPlay":false,"sceneViewState":{"showFog":true,"showMaterialUpdate":false,"showSkybox":false,"showFlares":true,"showImageEffects":true,"showParticleSystems":true},"in2DMode":false,"pivot":{"x":-91.64442443847656,"y":84.24047088623047,"z":-35.558685302734378},"rotation":{"x":0.007604971062391996,"y":-0.9923897981643677,"z":0.07786685973405838,"w":0.0960412546992302},"size":2358.941162109375,"orthographic":true}