{"cameraMode":{"drawMode":0,"name":"Shaded","section":"Shading Mode"},"sceneLighting":false,"audioPlay":false,"sceneViewState":{"showFog":true,"showMaterialUpdate":false,"showSkybox":false,"showFlares":true,"showImageEffects":true,"showParticleSystems":true},"in2DMode":false,"pivot":{"x":-0.9905061721801758,"y":0.0,"z":-0.7432880401611328},"rotation":{"x":0.011796871200203896,"y":0.9558464288711548,"z":-0.2912960946559906,"w":0.03880944475531578},"size":87.55072021484375,"orthographic":true}