{"cameraMode":{"drawMode":0,"name":"Shaded","section":"Shading Mode"},"sceneLighting":false,"audioPlay":false,"sceneViewState":{"showFog":true,"showMaterialUpdate":false,"showSkybox":false,"showFlares":true,"showImageEffects":true,"showParticleSystems":true},"in2DMode":false,"pivot":{"x":6.854534149169922e-7,"y":0.6444281935691834,"z":-0.20171181857585908},"rotation":{"x":0.19553598761558534,"y":0.677645206451416,"z":-0.19435270130634309,"w":0.6817659735679627},"size":2.9753804206848146,"orthographic":true}