{"cameraMode":{"drawMode":0,"name":"Shaded","section":"Shading Mode"},"sceneLighting":false,"audioPlay":false,"sceneViewState":{"showFog":true,"showMaterialUpdate":false,"showSkybox":false,"showFlares":true,"showImageEffects":true,"showParticleSystems":true},"in2DMode":false,"pivot":{"x":-0.0025681257247924806,"y":0.060890838503837588,"z":0.001696854829788208},"rotation":{"x":0.15296536684036256,"y":-0.5785695314407349,"z":0.11162973195314408,"w":0.7934630513191223},"size":1.1163668632507325,"orthographic":true}