{"cameraMode":{"drawMode":0,"name":"Shaded","section":"Shading Mode"},"sceneLighting":false,"audioPlay":false,"sceneViewState":{"showFog":true,"showMaterialUpdate":false,"showSkybox":false,"showFlares":true,"showImageEffects":true,"showParticleSystems":true},"in2DMode":false,"pivot":{"x":2.1158413887023927,"y":1.0139999389648438,"z":1.02654230594635},"rotation":{"x":0.35682377219200137,"y":0.11008298397064209,"z":-0.042214274406433108,"w":0.9267914295196533},"size":3.4058921337127687,"orthographic":true}