{"cameraMode":{"drawMode":0,"name":"Shaded","section":"Shading Mode"},"sceneLighting":false,"audioPlay":false,"sceneViewState":{"showFog":true,"showMaterialUpdate":false,"showSkybox":false,"showFlares":true,"showImageEffects":true,"showParticleSystems":true},"in2DMode":false,"pivot":{"x":-0.21500003337860108,"y":1.9900000095367432,"z":-4.999999523162842},"rotation":{"x":-0.30702170729637148,"y":0.5963195562362671,"z":-0.26420655846595766,"w":-0.6931846737861633},"size":25.79296875,"orthographic":true}