{"cameraMode":{"drawMode":0,"name":"Shaded","section":"Shading Mode"},"sceneLighting":false,"audioPlay":false,"sceneViewState":{"showFog":true,"showMaterialUpdate":false,"showSkybox":false,"showFlares":true,"showImageEffects":true,"showParticleSystems":true},"in2DMode":false,"pivot":{"x":3.690563201904297,"y":-0.8128671646118164,"z":0.4666748046875},"rotation":{"x":0.1876915991306305,"y":0.0456077940762043,"z":-0.008727445267140866,"w":0.9812363386154175},"size":8.648957252502442,"orthographic":true}