{"cameraMode":{"drawMode":0,"name":"Shaded","section":"Shading Mode"},"sceneLighting":false,"audioPlay":false,"sceneViewState":{"showFog":true,"showMaterialUpdate":false,"showSkybox":false,"showFlares":true,"showImageEffects":true,"showParticleSystems":true},"in2DMode":false,"pivot":{"x":0.9210000038146973,"y":0.5014925003051758,"z":2.0489096641540528e-8},"rotation":{"x":0.35682377219200137,"y":0.11008298397064209,"z":-0.042214274406433108,"w":0.9267914295196533},"size":2.325021266937256,"orthographic":true}